{"Classification loss(batch_wise)": 6344.40087890625, "Dice loss(batch_wise)": 0.14241033792495728, "combined loss": 6.486811637878418, "_timestamp": 1683459634.274668, "_runtime": 163.94638586044312, "_step": 320}