{"Classification loss(batch_wise)": 5241.2568359375, "Dice loss(batch_wise)": 0.12611329555511475, "combined loss": 5241.3828125, "_timestamp": 1683471546.0990984, "_runtime": 54.62270641326904, "_step": 0}