{"Classification loss(batch_wise)": 4838.5546875, "Dice loss(batch_wise)": 0.9111169492277196, "combined loss": 9677.109375, "_timestamp": 1683454860.38896, "_runtime": 66.29398584365845, "_step": 175}