{"Classification loss(batch_wise)": 5174.3955078125, "Dice loss(batch_wise)": 0.14474594593048096, "combined loss": 5.319141387939453, "_timestamp": 1683459971.0385306, "_runtime": 232.07109665870667, "_step": 388}