{"Classification loss(batch_wise)": 5865.02099609375, "Dice loss(batch_wise)": 0.10186731815338135, "combined loss": 5865.123046875, "_timestamp": 1683458048.6516824, "_runtime": 25.50045943260193, "_step": 27}