{"Classification loss(batch_wise)": 5801.50732421875, "Dice loss(batch_wise)": -0.1643385887145996, "combined loss": 11603.0146484375, "_timestamp": 1683450157.5487292, "_runtime": 19.901865243911743, "_step": 19, "training loss": 796.14013671875, "training_accuracy": 0.009394348276319912, "classification_accuracy": 398.07002753039677, "training_dice_loss": -0.011019513942301273, "training_dice_score": 0.07586593180894852, "Train MIoU": 0.003031506410804413, "_wandb": {"runtime": 18}}