{"Classification loss(batch_wise)": 3415.608642578125, "Dice loss(batch_wise)": -0.4677320718765259, "combined loss": 6831.21728515625, "_timestamp": 1683449650.1700726, "_runtime": 35.91935062408447, "_step": 7}