{"Classification loss(batch_wise)": 7525.07958984375, "Dice loss(batch_wise)": 0.14208149909973145, "combined loss": 7525.2216796875, "_timestamp": 1683458429.6696653, "_runtime": 137.77682828903198, "_step": 759, "training loss": 793.5650634765625, "training_accuracy": 0.010216901693751305, "classification_loss": 793.5452718376706, "training_dice_loss": 0.019917646422982216, "training_dice_score": 0.10636221617460251, "Train MIoU": 0.0036581763644712027, "_wandb": {"runtime": 136}}