{"Classification loss(batch_wise)": 6999.123046875, "Dice loss(batch_wise)": 0.146969735622406, "combined loss": 7.146093368530273, "_timestamp": 1683458659.7235656, "_runtime": 145.3957166671753, "_step": 759, "training loss": 0.7720465064048767, "training_accuracy": 0.011088519605527791, "classification_loss": 752.2214480455418, "training_dice_loss": 0.019824892282485962, "training_dice_score": 0.10645495355129242, "Train MIoU": 0.0038728214965672823, "_wandb": {"runtime": 143}}