{"Classification loss(batch_wise)": 4096.61962890625, "Dice loss(batch_wise)": 0.08071142435073853, "combined loss": 8193.2392578125, "_timestamp": 1683451223.6759005, "_runtime": 305.50370144844055, "_step": 999, "training loss": 481.8580322265625, "training_accuracy": 0.00034751225175437073, "classification_loss": 240.9290417355482, "training_dice_loss": 0.005862259306013584, "training_dice_score": 0.05898415669798851, "Train MIoU": 0.00020774805262338487, "_wandb": {"runtime": 304}}