{"Classification loss(batch_wise)": 3702.9326171875, "Dice loss(batch_wise)": 0.10277348756790161, "combined loss": 7405.865234375, "_timestamp": 1683450517.8440564, "_runtime": 18.878727436065674, "_step": 19, "training loss": 564.5052490234375, "training_accuracy": 0.0028252028967250295, "classification_loss": 282.2526147210964, "training_dice_loss": 0.006049774587154388, "training_dice_score": 0.05879663676023483, "Train MIoU": 0.0009352240358655589, "_wandb": {"runtime": 17}}