{"Classification loss(batch_wise)": 4045.65673828125, "Dice loss(batch_wise)": 0.08715850114822388, "combined loss": 8091.3134765625, "_timestamp": 1683450714.2833982, "_runtime": 84.65129208564758, "_step": 239, "training loss": 499.416748046875, "training_accuracy": 0.0017399258024722265, "classification_loss": 249.7083736068153, "training_dice_loss": 0.006195455323904753, "training_dice_score": 0.05865095555782318, "Train MIoU": 0.000571410219918915, "_wandb": {"runtime": 83}}