{"Classification loss(batch_wise)": 5537.15576171875, "Dice loss(batch_wise)": 0.14190304279327393, "combined loss": 5537.2978515625, "_timestamp": 1683458267.4760091, "_runtime": 92.31926417350769, "_step": 462}