{"Classification loss(batch_wise)": 4453.8544921875, "Dice loss(batch_wise)": 0.12425345182418823, "combined loss": 4.578107833862305, "_timestamp": 1683459424.6524372, "_runtime": 577.211412191391, "_step": 1099, "training loss": 0.193740114569664, "training_accuracy": 0.0018994304723142458, "classification_loss": 189.91246100415955, "training_dice_loss": 0.0038276438135653734, "training_dice_score": 0.030302049592137337, "Train MIoU": 0.0007220749338862671, "_wandb": {"runtime": 575}}