{"Classification loss(batch_wise)": 5572.927734375, "Dice loss(batch_wise)": -0.43417036533355713, "combined loss": 11145.85546875, "_timestamp": 1683450004.2099621, "_runtime": 18.49348211288452, "_step": 19, "training loss": 11179.2060546875, "training_accuracy": 0.012451198098482816, "classification_accuracy": 5589.6031301398025, "training_dice_loss": -0.43112438917160034, "training_dice_score": 1.431124210357666, "Train MIoU": 0.004447568460374189, "_wandb": {"runtime": 17}}