{"Classification loss(batch_wise)": 4495.6884765625, "Dice loss(batch_wise)": -0.49772024154663086, "combined loss": 8991.376953125, "_timestamp": 1683450482.9982123, "_runtime": 19.56700325012207, "_step": 19, "training loss": 560.4401245117188, "training_accuracy": 0.001358034564748468, "classification_loss": 280.22009485654866, "training_dice_loss": -0.031189732253551483, "training_dice_score": 0.0960361436009407, "Train MIoU": 0.0005309147914214457, "_wandb": {"runtime": 18}}