{"Classification loss(batch_wise)": 5290.40087890625, "Dice loss(batch_wise)": 0.11953824758529663, "combined loss": 5290.40087890625, "_timestamp": 1683457624.6645138, "_runtime": 72.40642976760864, "_step": 199, "training loss": 356.499267578125, "training_accuracy": 0.015386387696876959, "classification_loss": 356.4992800767918, "training_dice_loss": 0.007758858148008585, "training_dice_score": 0.05708756297826767, "Train MIoU": 0.0026113520228573605, "_wandb": {"runtime": 71}}