{"Classification loss(batch_wise)": 4356.98095703125, "Dice loss(batch_wise)": -0.5584322214126587, "combined loss": 8713.9619140625, "_timestamp": 1683449450.8355875, "_runtime": 77.88230752944946, "_step": 19, "training loss": 7395.88818359375, "training_accuracy": 0.0628997245485365, "classification_accuracy": 3697.9438219572367, "training_dice_loss": -0.4996477961540222, "training_dice_score": 1.4996477365493774, "Train MIoU": 0.005494233323267622, "_wandb": {"runtime": 76}}