{"Classification loss(batch_wise)": 3579.140625, "Dice loss(batch_wise)": -0.29270124435424805, "combined loss": 7158.28125, "_timestamp": 1683449849.185073, "_runtime": 23.751998901367188, "_step": 19, "training loss": 8598.26953125, "training_accuracy": 0.01163248785328276, "classification_accuracy": 4299.134842722039, "training_dice_loss": -0.3551555275917053, "training_dice_score": 1.35515558719635, "Train MIoU": 0.0035999720917473024, "_wandb": {"runtime": 22}}