{"Classification loss(batch_wise)": 5149.9140625, "Dice loss(batch_wise)": 0.8801619306636657, "combined loss": 10299.828125, "_timestamp": 1683455067.4263854, "_runtime": 127.62348747253418, "_step": 370}