{"Classification loss(batch_wise)": 5464.00830078125, "Dice loss(batch_wise)": -0.1433393955230713, "combined loss": 10928.0166015625, "_timestamp": 1683450391.1141267, "_runtime": 18.88001775741577, "_step": 19, "training loss": 724.948486328125, "training_accuracy": 0.012607392456369281, "classification_loss": 362.4742877426408, "training_dice_loss": -0.009644039906561375, "training_dice_score": 0.07449045777320862, "Train MIoU": 0.002700254966081046, "_wandb": {"runtime": 17}}